"","c_ind_cod_type","avg_timelag","count"
"1","COVID-19",77.9551724137931,580
"2","Drug / Alcohol",86.734693877551,14
"3","Execution",872.251428571429,225
"4","Homicide",140.782467532468,352
"5","Homicide by LEO",98.1758241758242,13
"6","Natural",142.832438630323,2741
"7","Pending",114.71335200747,306
"8","Suicide",173.390808692554,401
"9","Unintentional non-Drug Injury",148.540145985401,274
"10","Unknown",183.73144969633,2164
